FID,Town_ID,Name,County,Pop_2010,Pop_2000,Pop_1990,Type,Lon,Lat,Elevation,Alt_Names,Max_2010,Max_2000,Max_1990,GeoID10,Shifted
0,1,Absarokee,Stillwater,1150,1223,1039,Census Designated Place,-109.4440002,45.52119827,4035, ,1150,1318,1125,3000175,0
1,2,Alberton,Mineral,420,374,354,Incorporated Place,-114.4820023,47.00419998,3064, ,420,376,408,3000700,1
2,3,Arlee,Lake,636,603,490,Census Designated Place,-114.0839996,47.1617012,3097, ,636,1018,749,3002425,0
3,4,Bainville,Roosevelt,208,152,164,Incorporated Place,-104.2220001,48.14099884,1969, ,208,173,180,3003400,1
4,5,Bearcreek,Carbon,79,80,36,Incorporated Place,-109.1569977,45.16019821,4544, ,79,94,59,3004300,1
5,6,Belgrade,Gallatin,7389,5694,3519,Incorporated Place,-111.177002,45.77669907,4455, ,7389,6133,4019,3004975,0
6,7,Belt,Cascade,597,626,569,Incorporated Place,-110.9260025,47.38579941,3514, ,597,784,726,3005275,0
7,8,Big Sandy,Chouteau,598,694,737,Incorporated Place,-110.112999,48.17779922,2700, ,598,728,779,3006250,0
8,9,Billings,Yellowstone,104170,91072,82693,Incorporated Place,-108.5019989,45.7840004,3123, ,104170,95850,86783,3006550,0
9,10,Bonner,Missoula,70,119,121,Manually defined region,-113.8649979,46.87279892,3314,Part of the Bonner-West Riverside CDP (3008462),132,599,899, ,1
10,11,Boulder,Jefferson,1183,1294,1293,Incorporated Place,-112.1200027,46.23709869,4908, ,1183,1411,1374,3008575,0
11,12,Bozeman,Gallatin,37280,28195,23546,Incorporated Place,-111.0390015,45.68040085,4813, ,37280,32245,26551,3008950,0
12,13,Bridger,Carbon,708,728,672,Incorporated Place,-108.9140015,45.2947998,3661, ,708,945,748,3009475,1
13,14,Broadview,Yellowstone,192,150,133,Incorporated Place,-108.8779984,46.09830093,3885, ,192,164,148,3009775,0
14,15,Browning,Glacier,1016,1034,1151,Incorporated Place,-113.0130005,48.55609894,4380, ,1016,1688,1526,3010375,0
15,16,Cascade,Cascade,685,821,734,Incorporated Place,-111.6999969,47.27080154,3389, ,685,860,769,3012775,0
16,17,Charlo,Lake,379,436,354,Census Designated Place,-114.1719971,47.43909836,2936, ,379,504,400,3013900,1
17,18,Chester,Liberty,847,868,938,Incorporated Place,-110.9680023,48.50970078,3133, ,847,882,962,3014200,0
18,19,Chinook,Blaine,1203,1383,1507,Incorporated Place,-109.2320023,48.58919907,2421, ,1203,1493,1604,3014575,0
19,20,Clyde Park,Park,288,296,244,Incorporated Place,-110.6039963,45.88430023,4862, ,288,372,398,3015550,1
20,21,Colstrip,Rosebud,2214,2338,2754,Census Designated Place,-106.6259995,45.88489914,3232, ,2214,2346,3046,3016525,0
21,22,Columbia Falls,Flathead,4688,3888,3283,Incorporated Place,-114.1809998,48.37319946,3091, ,4688,4411,3841,3016600,1
22,23,Columbus,Stillwater,1893,1750,1549,Incorporated Place,-109.2529984,45.63729858,3589, ,1893,1927,1691,3016825,0
23,24,Conrad,Pondera,2570,2749,2885,Incorporated Place,-111.9459991,48.16949844,3517, ,2570,2826,2962,3017275,0
24,25,Culbertson,Roosevelt,714,716,797,Incorporated Place,-104.5179977,48.14619827,1932, ,714,748,818,3018475,1
25,26,Cut Bank,Glacier,2869,3078,3288,Incorporated Place,-112.3320007,48.63629913,3763, ,2869,3182,3369,3018775,1
26,27,Darby,Ravalli,720,717,618,Incorporated Place,-114.1780014,46.02090073,3888, ,720,1191,964,3019300,1
27,28,Deer Lodge,Powell,3111,3378,3332,Incorporated Place,-112.7289963,46.39619827,4567, ,3111,3520,3410,3019825,0
28,29,Denton,Fergus,255,300,349,Incorporated Place,-109.947998,47.31940079,3599, ,255,393,368,3020425,0
29,30,Dillon,Beaverhead,4134,3818,4061,Incorporated Place,-112.637001,45.21699905,5102, ,4134,4578,4519,3020800,0
30,31,Dodson,Phillips,124,120,133,Incorporated Place,-108.2460022,48.39609909,2287, ,124,148,161,3021025,1
31,32,Drummond,Granite,309,295,249,Incorporated Place,-113.1460037,46.66770172,3970, ,309,418,373,3021850,0
32,33,East Glacier Park,Glacier,363,395,324,Census Designated Place with Alternate Name,-113.2170029,48.44060135,4790,Same as East Glacier Park Village CDP,363,444,351,3022985,0
33,34,Ekalaka,Carter,332,410,439,Incorporated Place,-104.5490036,45.88980103,3425, ,332,410,439,3023650,1
34,35,Ennis,Madison,838,826,760,Incorporated Place,-111.7300034,45.34870148,4941, ,838,967,906,3024475,1
35,36,Eureka,Lincoln,1037,1018,1035,Incorporated Place,-115.052002,48.87929916,2589, ,1037,1385,1470,3024850,0
36,37,Fairfield,Teton,708,635,637,Incorporated Place,-111.9800034,47.61420059,3983, ,708,908,767,3025225,0
37,38,Fairview,Richland,840,708,869,Incorporated Place,-104.0449982,47.85329819,1909, ,840,791,919,3025300,1
38,39,Flaxville,Daniels,71,79,85,Incorporated Place,-105.1760025,48.80319977,2782, ,71,87,97,3026800,0
39,40,Forsyth,Rosebud,1777,1904,2152,Incorporated Place,-106.6800003,46.26689911,2516, ,1777,2020,2428,3027700,0
40,41,Fort Belknap Agency,Blaine,1293,1326,1096,Census Designated Place,-108.7590027,48.48300171,2375,Shown as Fort Belknap in previous version,1293,1418,1188,3027850,0
41,42,Fort Benton,Chouteau,1464,1589,1656,Incorporated Place,-110.6729965,47.81940079,2641, ,1464,1597,1682,3028000,0
42,43,Fort Peck,Valley,233,240,197,Incorporated Place,-106.4489975,48.00880051,2198, ,233,310,311,3028450,1
43,44,Frazer,Valley,362,427,378,Census Designated Place,-106.0449982,48.05860138,2060, ,362,468,449,3029275,0
44,45,Fromberg,Carbon,438,483,366,Incorporated Place,-108.9079971,45.39289856,3533, ,438,569,388,3029575,0
45,46,Geraldine,Chouteau,261,284,300,Incorporated Place,-110.2659988,47.60309982,3136, ,261,331,328,3030400,0
46,47,Glasgow,Valley,3250,3219,3535,Incorporated Place,-106.6389999,48.19630051,2093, ,3250,3376,3628,3031075,0
47,48,Glendive,Dawson,4935,4722,4796,Incorporated Place,-104.7149963,47.1053009,2064, ,4935,5033,4972,3031450,0
48,49,Great Falls,Cascade,58505,56874,55386,Incorporated Place,-111.3010025,47.49959946,3330, ,58505,61565,63997,3032800,0
49,50,Hamilton,Ravalli,4348,3815,3023,Incorporated Place,-114.1589966,46.24739838,3570, ,4348,4839,4018,3033775,0
50,51,Harlem,Blaine,808,843,876,Incorporated Place,-108.7850037,48.53250122,2365, ,808,876,901,3034375,0
51,52,Harlowton,Wheatland,997,1049,1035,Incorporated Place,-109.8349991,46.43590164,4199, ,997,1085,1057,3034450,0
52,53,Hays,Blaine,843,777,562,Census Designated Place,-108.6949997,47.99069977,3524, ,843,943,813,3035275,1
53,54,Heart Butte,Pondera,582,697,498,Census Designated Place,-112.8359985,48.2826004,4475, ,582,707,520,3035350,0
54,55,Hingham,Hill,118,157,181,Incorporated Place,-110.4219971,48.55419922,3031, ,118,185,193,3036400,0
55,56,Hot Springs,Sanders,544,544,420,Incorporated Place,-114.6669998,47.6086998,2838, ,544,702,629,3037825,0
56,57,Hysham,Treasure,312,328,359,Incorporated Place,-107.2340012,46.29299927,2661, ,312,355,381,3038350,1
57,58,Ismay,Custer,19,26,19,Incorporated Place,-104.7959976,46.50049973,2533, ,19,26,29,3038950,0
58,59,Joliet,Carbon,595,567,515,Incorporated Place,-108.9710007,45.48600006,3740, ,595,722,688,3039700,0
59,60,Jordan,Garfield,343,358,481,Incorporated Place,-106.9120026,47.3205986,2605, ,343,442,544,3039925,0
60,61,Judith Gap,Wheatland,126,163,132,Incorporated Place,-109.7519989,46.67739868,4642, ,126,171,188,3040000,0
61,62,Kalispell,Flathead,19927,15218,12929,Incorporated Place,-114.310997,48.19509888,2956, ,19927,19596,16822,3040075,0
62,63,Kevin,Toole,154,175,185,Incorporated Place,-111.9649963,48.74850082,3346, ,154,193,201,3040525,1
63,64,Lame Deer,Rosebud,2052,2016,1917,Census Designated Place,-106.6660004,45.62329865,3333, ,2052,2198,2082,3042250,1
64,65,Laurel,Yellowstone,6718,6240,5643,Incorporated Place,-108.7730026,45.6697998,3301, ,6718,6992,6255,3042700,0
65,66,Lewistown,Fergus,5901,5952,6098,Incorporated Place,-109.4290009,47.06240082,3957, ,5901,7569,6957,3043375,0
66,67,Libby,Lincoln,2628,2834,3038,Incorporated Place,-115.5540009,48.38759995,2096, ,2628,4327,4526,3043450,0
67,68,Lima,Beaverhead,221,238,257,Incorporated Place,-112.5920029,44.63479996,6263, ,221,249,265,3043525,1
68,69,Livingston,Park,7044,7091,7011,Incorporated Place,-110.560997,45.6631012,4505, ,7044,8016,7763,3043975,0
69,70,Lolo,Missoula,3892,3390,2721,Census Designated Place,-114.0820007,46.75780106,3196, ,3892,3778,3136,3044650,1
70,71,Malta,Phillips,1997,2072,2284,Incorporated Place,-107.8759995,48.35900116,2254, ,1997,2346,2489,3047425,0
71,72,Manhattan,Gallatin,1520,1424,1087,Incorporated Place,-111.3320007,45.85720062,4242, ,1520,1726,1396,3047575,0
72,73,Medicine Lake,Sheridan,225,274,358,Incorporated Place,-104.5080032,48.5007019,1955, ,225,283,382,3048775,0
73,74,Melstone,Musselshell,96,136,166,Incorporated Place,-107.8690033,46.59840012,2927, ,96,145,173,3049000,1
74,75,Miles City,Custer,8410,8478,8534,Incorporated Place,-105.8430023,46.40879822,2375, ,8410,8914,8915,3049525,0
75,76,Missoula,Missoula,66788,57051,49104,Incorporated Place,-113.9929962,46.87220001,3212, ,66788,64195,54541,3050200,0
76,77,Moore,Fergus,193,182,209,Incorporated Place,-109.6969986,46.9754982,4157, ,193,196,233,3051550,0
77,78,Nashua,Valley,290,325,369,Incorporated Place,-106.3560028,48.13470078,2067, ,290,360,419,3052900,1
78,79,Neihart,Cascade,51,91,53,Incorporated Place,-110.7360001,46.93310165,5614, ,51,94,53,3053200,1
79,80,Opheim,Valley,85,108,142,Incorporated Place,-106.4089966,48.85739899,3264, ,85,162,158,3055525,1
80,81,Outlook,Sheridan,47,82,109,Incorporated Place,-104.7789993,48.88909912,2349, ,47,82,109,3056050,1
81,82,Pablo,Lake,2254,1810,1297,Census Designated Place,-114.1190033,47.59909821,3091, ,2254,2194,1511,3056350,1
82,83,Philipsburg,Granite,820,897,908,Incorporated Place,-113.2929993,46.33259964,5269, ,820,970,1060,3057175,0
83,84,Pinesdale,Ravalli,917,731,663,Incorporated Place,-114.2229996,46.33549881,3960, ,917,895,833,3057700,0
84,85,Plains,Sanders,1048,1107,974,Incorporated Place,-114.8809967,47.4598999,2480, ,1048,1386,1156,3058150,0
85,86,Plentywood,Sheridan,1734,2034,2111,Incorporated Place,-104.5589981,48.7743988,2047, ,1734,2151,2204,3058375,1
86,87,Plevna,Fallon,162,136,140,Incorporated Place,-104.5189972,46.41690063,2808, ,162,144,149,3058450,1
87,88,Polson,Lake,4488,4210,3556,Incorporated Place,-114.1620026,47.69309998,2930, ,4488,5172,4317,3058750,0
88,89,Poplar,Roosevelt,810,928,898,Incorporated Place,-105.2009964,48.11249924,1991, ,810,1345,1353,3058975,0
89,90,Red Lodge,Carbon,2125,2166,1958,Incorporated Place,-109.2480011,45.18650055,5564, ,2125,2384,2138,3061525,0
90,91,Rexford,Lincoln,105,140,115,Incorporated Place,-115.1689987,48.8993988,2552, ,105,151,132,3062200,0
91,92,Ronan,Lake,1871,1775,1510,Incorporated Place,-114.0999985,47.52840042,3045, ,1871,2109,1640,3064150,0
92,93,Roundup,Musselshell,1788,1921,1795,Incorporated Place,-108.5429993,46.4455986,3222, ,1788,2070,1944,3064525,0
93,94,Saco,Phillips,197,222,260,Incorporated Place,-107.3440018,48.45640182,2182, ,197,239,275,3065050,0
94,95,Saint Ignatius,Lake,842,812,792,Incorporated Place,-114.0950012,47.31969833,2940, ,842,1097,1017,3065275,1
95,96,Scobey,Daniels,1017,1079,1150,Incorporated Place,-105.4229965,48.79180145,2461, ,1017,1126,1176,3066925,0
96,97,Shelby,Toole,3376,3219,2790,Incorporated Place,-111.8570023,48.50450134,3317, ,3376,3372,2965,3067450,0
97,98,Sheridan,Madison,642,652,603,Incorporated Place,-112.1959991,45.45619965,5118, ,642,743,737,3067600,0
98,99,Sidney,Richland,5191,4946,5401,Incorporated Place,-104.1589966,47.71229935,1936, ,5191,5460,5842,3067900,1
99,100,Stevensville,Ravalli,1809,1610,1281,Incorporated Place,-114.0920029,46.51029968,3327, ,1809,1882,1508,3071200,0
100,101,Sunburst,Toole,375,415,437,Incorporated Place,-111.9110031,48.88199997,3366, ,375,566,452,3072175,0
101,102,Superior,Mineral,812,896,885,Incorporated Place,-114.8909988,47.19350052,2726, ,812,1115,1033,3072625,1
102,103,Terry,Prairie,605,608,657,Incorporated Place,-105.3130035,46.79270172,2254, ,605,623,668,3073675,1
103,104,Thompson Falls,Sanders,1313,1262,1328,Incorporated Place,-115.3420029,47.59680176,2549, ,1313,1525,1424,3073825,0
104,105,Three Forks,Gallatin,1869,1725,1208,Incorporated Place,-111.552002,45.89310074,4072, ,1869,1837,1309,3073975,0
105,106,Townsend,Broadwater,1878,1861,1639,Incorporated Place,-111.5210037,46.31949997,3832, ,1878,1874,1670,3074575,0
106,107,Troy,Lincoln,938,923,994,Incorporated Place,-115.8929977,48.46260071,1916, ,938,1149,1352,3075025,1
107,108,Twin Bridges,Madison,375,400,374,Incorporated Place,-112.3310013,45.54510117,4633, ,375,407,377,3075475,0
108,109,Valier,Pondera,509,494,516,Incorporated Place,-112.2490005,48.30699921,3812, ,509,516,553,3076225,0
109,110,Virginia City,Madison,190,132,143,Incorporated Place,-111.9449997,45.29339981,5797, ,190,159,267,3077125,1
110,111,West Yellowstone,Gallatin,1271,1166,906,Incorporated Place,-111.1039963,44.66260147,6663, ,1271,1177,913,3079525,0
111,112,Westby,Sheridan,168,170,252,Incorporated Place,-104.0510025,48.87039948,2106, ,168,193,259,3078925,1
112,113,White Sulphur Springs,Meagher,939,974,953,Incorporated Place,-110.9020004,46.54859924,5043, ,939,1055,1012,3080050,0
113,114,Whitefish,Flathead,6357,5623,5041,Incorporated Place,-114.3359985,48.41030121,3028, ,6357,7860,6332,3079825,0
114,115,Whitehall,Jefferson,1038,1028,1057,Incorporated Place,-112.0970001,45.87139893,4360, ,1038,1226,1411,3079900,0
115,116,Wibaux,Wibaux,589,567,627,Incorporated Place,-104.1880035,46.98960114,2671, ,589,596,652,3080350,1
116,117,Winifred,Fergus,208,156,150,Incorporated Place,-109.3779984,47.55939865,3261, ,208,247,157,3081025,1
117,118,Winnett,Petroleum,182,185,188,Incorporated Place,-108.3529968,47.00279999,2959, ,182,198,207,3081100,0
118,119,Wolf Point,Roosevelt,2621,2636,2839,Incorporated Place,-105.6429977,48.09000015,1998, ,2621,3066,3521,3081475,0
119,120,Choteau,Teton,1684,1768,1741,Incorporated Place,-112.1829987,47.8125,3819, ,1684,1942,1898,3014650,0
120,121,Circle,Mccone,615,626,794,Incorporated Place,-105.5879974,47.41719818,2434, ,615,715,862,3014950,1
121,122,Anaconda,Deer Lodge,5913,5901,6606,Manually defined region,-112.9520035,46.12799835,5279,Anaconda urban area of Anaconda-Deer Lodge County,6680,7166,8058, ,1
122,123,Big Timber,Sweet Grass,1641,1645,1537,Incorporated Place,-109.9540024,45.83409882,4098, ,1641,1752,1720,3006475,1
123,124,Broadus,Powder River,468,455,573,Incorporated Place,-105.4100037,45.44469833,3035, ,468,583,613,3009700,0
124,125,Busby,Big Horn,745,695,465,Census Designated Place,-106.9560013,45.53699875,3422, ,745,749,571,3011200,1
125,126,Butte,Silver Bow,29140,29744,29882,Manually defined region,-112.5339966,46.00439835,5545,Butte urban area of Butte-Silver Bow,29850,30811,30584, ,0
126,127,Crow Agency,Big Horn,1616,1547,1459,Census Designated Place,-107.4589996,45.60210037,3031, ,1616,1833,1863,3018250,1
127,128,East Helena,Lewis and Clark,1984,1759,1599,Incorporated Place,-111.9150009,46.58990097,3888, ,1984,2668,1928,3023125,0
128,129,Hardin,Big Horn,3505,3396,2978,Incorporated Place,-107.6139984,45.73320007,2907, ,3505,3632,3237,3034225,0
129,130,Helena,Lewis and Clark,28190,26275,25010,Incorporated Place,-112.0360031,46.5929985,4058, ,28190,28360,26564,3035600,0
130,131,Hobson,Judith Basin,215,219,204,Incorporated Place,-109.8730011,47.00040054,4098, ,215,247,245,3036700,0
131,132,Lavina,Golden Valley,187,209,151,Incorporated Place,-108.9380035,46.29449844,3448, ,187,224,172,3042850,1
132,133,Lodge Grass,Big Horn,428,522,525,Incorporated Place,-107.3649979,45.31520081,3373, ,428,714,1034,3044275,0
133,134,Pryor,Big Horn,618,628,654,Census Designated Place,-108.5329971,45.42959976,4068, ,618,685,708,3059950,1
134,135,Ryegate,Golden Valley,245,268,260,Incorporated Place,-109.2590027,46.29909897,3665, ,245,279,285,3064975,1
135,136,Stanford,Judith Basin,401,463,533,Incorporated Place,-110.2190018,47.15340042,4281, ,401,524,604,3070675,0
136,137,Walkerville,Silver Bow,675,759,811,Incorporated Place,-112.5390015,46.02939987,6161, ,675,1073,1134,3077650,0
137,138,Belfry,Carbon,218,215,194,Census Designated Place,-109.0059967,45.14260101,3858, ,218,237,233,3004900,0
138,139,Bigfork,Flathead,3618,3031,2277,Manually defined region,-114.0800018,48.06430054,2963,Part of the Bigfork CDP (3005875),3771,3637,2951, ,1
139,140,Box Elder,Hill,87,78,92,Census Designated Place,-110.0139999,48.31639862,2677, ,87,151,120,3008725,0
140,141,Brady,Pondera,140,158,146,Census Designated Place,-111.8399963,48.03659821,3530, ,140,203,221,3009250,1
141,142,Clinton,Missoula,1052,674,403,Census Designated Place,-113.7129974,46.77009964,3468, ,1052,1242,696,3015475,1
142,143,Condon,Missoula,343,268,271,Census Designated Place,-113.7089996,47.52730179,3711, ,343,419,479,3017050,0
143,144,Corvallis,Ravalli,976,573,331,Census Designated Place,-114.1139984,46.31430054,3481, ,976,912,714,3017725,1
144,145,Custer,Yellowstone,159,143,100,Census Designated Place,-107.5540009,46.1291008,2743, ,159,161,228,3018700,1
145,146,Dixon,Sanders,203,216,167,Census Designated Place,-114.3150024,47.31620026,2530, ,203,244,208,3020950,1
146,147,Florence,Ravalli,765,510,448,Census Designated Place,-114.0800018,46.63040161,3264, ,765,1116,773,3026950,1
147,148,Frenchtown,Missoula,1825,1039,480,Census Designated Place,-114.2310028,47.0141983,3045, ,1825,2423,1813,3029350,1
148,149,Galata,Toole,12,14,22,2-mile diameter circle,-111.3519974,48.47470093,3104, ,41,40,37, ,0
149,150,Gallatin Gateway,Gallatin,856,867,617,Census Designated Place,-111.2009964,45.59220123,4934, ,856,1109,991,3029875,1
150,151,Gardiner,Park,875,873,927,Census Designated Place,-110.7060013,45.03250122,5220, ,875,1054,1394,3029950,0
151,152,Gildford,Hill,179,184,186,Census Designated Place,-110.3000031,48.5685997,2828, ,179,194,201,3030700,0
152,153,Harrison,Madison,137,158,37,Census Designated Place,-111.7860031,45.70149994,4915, ,137,163,179,3034525,0
153,154,Heron,Sanders,282,192,180,Census Designated Place,-115.9570007,48.05799866,2254, ,282,235,208,3035875,1
154,155,Hinsdale,Valley,217,211,246,Census Designated Place,-107.086998,48.39339828,2178, ,217,239,381,3036475,0
155,156,Joplin,Liberty,157,210,248,Census Designated Place,-110.7730026,48.56000137,3320, ,157,229,283,3039775,0
156,157,Lambert,Richland,158,157,148,Census Designated Place with Alternate Name,-104.6240005,47.68320084,2385,Same as Fox Lake CDP,158,160,250,3029087,0
157,158,Marion,Flathead,886,443,232,Census Designated Place,-114.663002,48.10580063,3944, ,886,579,496,3047875,1
158,159,Montana City,Jefferson,2715,2140,1270,Census Designated Place,-111.947998,46.53839874,4190, ,2715,2708,2021,3051175,1
159,160,Noxon,Sanders,218,222,221,Census Designated Place,-115.7779999,47.99459839,2188, ,218,345,283,3054925,1
160,161,Park City,Stillwater,983,851,675,Census Designated Place,-108.9169998,45.6310997,3396, ,983,894,888,3056575,1
161,162,Peerless,Daniels,21,46,60,2-mile diameter circle,-105.8310013,48.78319931,2854, ,31,62,70, ,1
162,163,Power,Teton,179,167,121,Census Designated Place,-111.6869965,47.71530151,3694, ,179,187,175,3059500,0
163,164,Pray,Park,681,421,247,Census Designated Place,-110.6819992,45.38019943,5003, ,681,999,1025,3059725,0
164,165,Rapelje,Stillwater,80,101,69,2-mile diameter circle,-109.2559967,45.97249985,4072, ,89,117,194, ,1
165,166,Roberts,Carbon,361,275,217,Census Designated Place,-109.1669998,45.35910034,4577, ,361,352,296,3063400,1
166,167,Rosebud,Rosebud,111,89,44,Census Designated Place,-106.4469986,46.27500153,2474, ,111,151,177,3064375,0
167,168,Roy,Fergus,108,165,101,Census Designated Place,-108.9589996,47.33319855,3494, ,108,257,166,3064675,1
168,169,Rudyard,Hill,258,274,308,Census Designated Place,-110.5540009,48.55920029,3114, ,258,275,311,3064900,0
169,170,Saint Regis,Mineral,319,309,327,Census Designated Place,-115.1009979,47.29919815,2631, ,319,527,419,3065575,0
170,171,Sand Coulee,Cascade,191,135,112,Manually defined region,-111.1679993,47.39910126,3474,Part of the Sand Coulee CDP (3065950),266,422,317, ,0
171,172,Savage,Richland,320,295,267,Census Designated Place with Alternate Name,-104.3460007,47.45339966,1985,Same as Knife River CDP,320,382,362,3041087,0
172,173,Seeley Lake,Missoula,1659,1439,933,Census Designated Place,-113.4789963,47.1739006,4045, ,1659,1547,1026,3067150,1
173,174,Shepherd,Yellowstone,516,471,319,Census Designated Place,-108.3460007,45.94369888,3110, ,516,925,607,3067525,1
174,175,Simms,Cascade,354,371,292,Census Designated Place,-111.9280014,47.49119949,3570, ,354,530,433,3068575,0
175,176,Somers,Flathead,1109,872,734,Census Designated Place,-114.2249985,48.08050156,2920, ,1109,944,842,3069475,1
176,177,Sun River,Cascade,124,134,115,Census Designated Place,-111.7210007,47.53290176,3412, ,124,312,433,3072475,0
177,178,Swan Lake,Lake,113,117,57,Census Designated Place,-113.8460007,47.92959976,3097, ,113,141,137,3072850,1
178,179,Turner,Blaine,61,60,68,Census Designated Place,-108.4059982,48.84600067,3051, ,61,74,88,3075250,1
179,180,Ulm,Cascade,738,749,448,Census Designated Place,-111.5070038,47.43190002,3356, ,738,1051,1089,3075775,1
180,181,Vaughn,Cascade,658,697,643,Census Designated Place,-111.5459976,47.56010056,3363, ,658,843,980,3076675,0
181,182,Victor,Ravalli,745,526,358,Census Designated Place,-114.1490021,46.41699982,3412, ,745,854,608,3076900,0
182,183,West Glacier,Flathead,227,168,172,Census Designated Place,-113.9830017,48.49629974,3219, ,227,263,354,3079075,1
183,184,Whitewater,Phillips,64,91,42,Census Designated Place,-107.6279984,48.7602005,2326, ,64,125,131,3080200,1
184,185,Willow Creek,Gallatin,210,255,109,Census Designated Place,-111.6449966,45.82590103,4157, ,210,293,241,3080800,0
185,186,Wilsall,Park,178,231,156,Census Designated Place,-110.6600037,45.99440002,5052, ,178,296,313,3080875,0
186,187,Worden,Yellowstone,577,505,459,Census Designated Place,-108.1620026,45.96060181,2963, ,577,707,694,3081925,0
187,188,Clancy,Jefferson,1029,1048,840,Manually defined region,-111.9860001,46.46549988,4236,Part of the Clancy CDP (3015100),1582,1728,1571, ,0
188,189,Augusta,Lewis and Clark,309,294,305,Census Designated Place,-112.3939972,47.49140167,4075, ,309,332,389,3003025,1
189,190,Geyser,Judith Basin,87,67,46,Census Designated Place,-110.4940033,47.25889969,4186, ,87,150,154,3030550,0
190,191,Lincoln,Lewis and Clark,1013,1095,817,Census Designated Place,-112.6809998,46.95489883,4541, ,1013,1196,978,3043675,0
191,192,Warm Springs,Deer Lodge,465,239,395,2-mile diameter circle,-112.7910004,46.18000031,4829, ,473,265,436, ,1
192,193,Wyola,Big Horn,215,184,162,Census Designated Place,-107.3949966,45.13010025,3714, ,215,288,267,3082075,1
193,194,Acton,Yellowstone,67,12,39,2-mile diameter circle,-108.6809998,45.93050003,3802, ,140,194,99, ,0
194,195,Agency,Sanders,107,95,124,Census Designated Place with Alternate Name,-114.2949982,47.32939911,2530,Same as Old Agency CDP,107,169,182,3055260,1
195,196,Alder,Madison,103,116,52,Census Designated Place,-112.1070023,45.32379913,5121, ,103,182,216,3000850,0
196,197,Alhambra,Jefferson,74,73,58,Manually defined region,-111.987999,46.45130157,4268,Part of the Clancy CDP (3015100),485,595,597, ,0
197,198,Alpine,Carbon,1,3,4,2-mile diameter circle,-109.6409988,45.20130157,6243, ,14,15,91, ,0
198,199,Alta,Ravalli,12,12,0,2-mile diameter circle,-114.3000031,45.61880112,4984, ,20,33,21, ,0
199,200,Alzada,Carter,29,14,26,Census Designated Place,-104.4150009,45.02339935,3445, ,29,47,95,3001300,1
200,201,Amsterdam,Gallatin,180,201,192,Census Designated Place,-111.3199997,45.75799942,4442, ,180,499,602,3001525,0
201,202,Anceney,Gallatin,43,24,9,2-mile diameter circle,-111.3550034,45.64849854,4767, ,147,96,135, ,0
202,203,Andes,Richland,3,4,5,2-mile diameter circle,-104.5469971,47.95439911,2159, ,15,18,22, ,1
203,204,Angela,Rosebud,0,0,0,2-mile diameter circle,-106.2009964,46.72999954,2920, ,9,12,13, ,0
204,205,Antelope,Sheridan,51,49,53,Census Designated Place,-104.4570007,48.6896019,2041, ,51,75,82,3002050,1
205,206,Apex,Beaverhead,0,1,0,2-mile diameter circle,-112.7070007,45.38190079,5436, ,7,7,47, ,0
206,207,Apgar,Flathead,0,3,2,2-kilometer diameter circle,-113.9929962,48.52769852,3169, ,2,5,4, ,0
207,208,Armington,Cascade,145,125,161,2-mile diameter circle,-110.9039993,47.36640167,3563, ,268,263,297, ,0
208,209,Austin,Lewis And Clark,20,12,17,2-mile diameter circle,-112.2450027,46.63909912,4754, ,73,55,366, ,0
209,210,Avon,Powell,111,123,100,Census Designated Place,-112.5970001,46.59840012,4701, ,111,164,195,3003175,1
210,211,Babb,Glacier,174,146,55,Census Designated Place,-113.4369965,48.86029816,4518, ,174,230,110,3003250,0
211,212,Ballantine,Yellowstone,320,342,307,Census Designated Place,-108.1449966,45.94889832,2999, ,320,376,348,3003625,0
212,213,Bannack,Beaverhead,2,2,1,2-mile diameter circle,-112.9960022,45.1609993,5771, ,10,17,66, ,0
213,214,Basin,Jefferson,212,253,53,Census Designated Place,-112.2639999,46.27130127,5364, ,212,266,238,3004150,0
214,215,Baylor,Valley,1,3,2,2-mile diameter circle,-106.4789963,48.66339874,2956, ,9,32,21, ,0
215,216,Beebe,Custer,0,2,0,2-mile diameter circle,-105.5690002,46.05530167,2703, ,6,21,36, ,0
216,217,Belknap,Sanders,158,111,62,Census Designated Place,-115.4089966,47.66220093,2428, ,158,337,261,3005050,0
217,218,Belle Creek,Powder River,5,23,6,2-mile diameter circle,-105.1110001,45.1391983,3570, ,16,31,159, ,0
218,219,Belltower,Carter,2,2,1,2-mile diameter circle,-104.3769989,45.63830185,3251, ,2,5,50, ,0
219,220,Benchland,Judith Basin,7,7,5,2-mile diameter circle,-110.0179977,47.07939911,4337, ,17,24,21, ,0
220,221,Benteen,Big Horn,41,49,32,2-mile diameter circle,-107.3960037,45.45640182,3219, ,129,187,85, ,0
221,222,Biddle,Powder River,41,48,14,Census Designated Place,-105.3379974,45.09939957,3337, ,41,60,135,3005650,0
222,223,Big Arm,Lake,177,127,126,Census Designated Place,-114.2949982,47.79800034,2956, ,177,280,224,3005800,0
223,224,Big Sky Meadow Village,Gallatin,1922,915,426,Manually defined region,-111.3119965,45.26089859,6325,This is the Gallatin County area of the Big Sky CDP (3006325),1922,1012,814, ,1
224,225,Big Sky Mountain Village,Madison,386,187,142,Manually defined region,-111.3990021,45.28960037,7451,This is the Madison County area of the Big Sky CDP (3006325),386,334,506, ,0
225,226,Bighorn,Treasure,8,3,23,2-mile diameter circle,-107.4489975,46.1617012,2703, ,55,158,115, ,0
226,227,Birney Day School,Rosebud,127,70,84,"2-mile diameter circle, Part of a CDP",-106.4649963,45.41609955,3087,Partly in the Birney CDP (3006925),135,100,120, ,0
227,228,Black Eagle,Cascade,904,908,919,Census Designated Place,-111.2779999,47.52470016,3379, ,904,953,961,3007150,0
228,229,Blackfoot,Glacier,65,48,29,2-mile diameter circle,-112.8769989,48.57529831,4160, ,143,212,286, ,0
229,230,Blackleaf,Teton,0,3,1,2-mile diameter circle,-112.6060028,48.01250076,4705, ,8,13,76, ,0
230,231,Bloomfield,Dawson,3,3,4,2-mile diameter circle,-104.9169998,47.41279984,2615, ,37,40,61, ,0
231,232,Boyd,Carbon,35,32,3,Census Designated Place,-109.0670013,45.45769882,4029, ,35,88,82,3008800,0
232,233,Boyes,Carter,3,10,3,2-mile diameter circle,-105.0309982,45.26919937,3330, ,23,36,115, ,1
233,234,Brandenberg,Rosebud,12,13,8,2-mile diameter circle,-106.2330017,45.81610107,2789, ,85,56,47, ,0
234,235,Brockway,McCone,22,35,21,2-mile diameter circle,-105.7630005,47.29899979,2582, ,80,101,73, ,1
235,236,Brusett,Garfield,1,2,2,2-mile diameter circle,-107.2669983,47.4253006,2904, ,15,11,44, ,0
236,237,Buffalo,Fergus,9,18,8,2-mile diameter circle,-109.8290024,46.82109833,4321, ,24,34,16, ,0
237,238,Bynum,Teton,31,31,20,Census Designated Place,-112.3119965,47.9776001,3976, ,31,110,112,3011500,1
238,239,Calvert,Cascade,1,2,5,2-mile diameter circle,-111.1380005,47.16439819,4757, ,67,91,83, ,1
239,240,Camas,Sanders,58,27,17,Census Designated Place,-114.6579971,47.61800003,2838, ,58,167,237,3011800,0
240,241,Camas Prairie,Sanders,6,4,8,2-mile diameter circle,-114.6060028,47.46260071,2835, ,55,34,25, ,1
241,242,Cameron,Madison,6,5,4,2-mile diameter circle,-111.6790009,45.20330048,5377, ,14,5,24, ,0
242,243,Canyon Creek,Lewis And Clark,32,30,7,2-mile diameter circle,-112.2639999,46.80550003,4347, ,92,69,160, ,0
243,244,Canyon Ferry,Lewis And Clark,35,47,21,2-mile diameter circle,-111.7180023,46.6554985,3852, ,261,473,214, ,0
244,245,Capitol,Carter,6,3,3,2-mile diameter circle,-104.0650024,45.43610001,3182, ,10,11,37, ,0
245,246,Carbert,Daniels,1,1,1,2-mile diameter circle,-105.810997,48.97589874,2654, ,34,57,57, ,0
246,247,Cardwell,Jefferson,50,40,21,Census Designated Place,-111.9530029,45.85990143,4281, ,50,88,452,3012400,0
247,248,Carlyle,Wibaux,0,2,2,2-mile diameter circle,-104.072998,46.6570015,3163, ,1,6,9, ,1
248,249,Carter,Chouteau,58,60,67,Census Designated Place,-110.9560013,47.78110123,3123, ,58,62,76,3012625,0
249,250,Cartersville,Rosebud,5,6,3,2-mile diameter circle,-106.4670029,46.29940033,2503, ,151,153,177, ,0
250,251,Centerville,Cascade,39,30,43,Manually defined region,-111.1429977,47.38970184,3471, ,238,299,254, ,0
251,252,Chance,Carbon,33,25,29,2-mile diameter circle,-109.0630035,45.01190186,3996, ,67,63,37, ,0
252,253,Checkerboard,Meagher,6,18,10,2-mile diameter circle,-110.5469971,46.57239914,5233, ,12,22,24, ,0
253,254,Chico,Park,19,4,4,2-mile diameter circle,-110.7050018,45.32099915,5423, ,79,94,79, ,0
254,255,Childs,Sanders,76,69,45,2-mile diameter circle,-115.4869995,47.7784996,2385, ,240,184,199, ,0
255,256,Christina,Fergus,11,5,8,2-mile diameter circle,-109.3249969,47.38399887,3579, ,99,113,56, ,1
256,257,Churchill,Gallatin,902,573,322,Census Designated Place,-111.3040009,45.75080109,4567,Shown as Church Hill in previous version,902,771,748,3014875,0
257,258,Clarkston,Gallatin,52,21,10,"2-mile diameter circle, Part of a CDP",-111.4140015,46.0298996,3980,Partly in the Ponderosa Pines CDP (3058840),110,79,157, ,0
258,259,Clearwater,Missoula,12,8,4,2-mile diameter circle,-113.3779984,47.00019836,3825, ,142,86,71, ,0
259,260,Cleveland,Blaine,4,3,1,2-mile diameter circle,-109.1529999,48.26940155,3507, ,27,23,72, ,0
260,261,Cline,Yellowstone,258,243,226,2-mile diameter circle,-108.4089966,45.88219833,3143, ,1004,1137,861, ,0
261,262,Coalridge,Sheridan,6,10,8,2-mile diameter circle,-104.1880035,48.69760132,2178, ,29,50,47, ,1
262,263,Coalwood,Powder River,2,4,3,2-mile diameter circle,-105.5910034,45.72809982,3346, ,19,33,22, ,0
263,264,Coffee Creek,Fergus,22,16,24,2-mile diameter circle,-110.0820007,47.34780121,3606, ,64,39,60, ,0
264,265,Cohagen,Garfield,4,2,8,2-mile diameter circle,-106.6179962,47.0544014,2720, ,14,8,59, ,0
265,266,Collins,Teton,6,7,4,2-mile diameter circle,-111.8099976,47.92829895,3517, ,24,32,28, ,0
266,267,Conner,Ravalli,216,92,42,Census Designated Place,-114.125,45.93069839,4029, ,216,548,470,3017200,0
267,268,Contact,Park,11,12,7,2-mile diameter circle,-110.2259979,45.50830078,5197, ,15,33,56, ,0
268,269,Content,Phillips,1,5,3,2-mile diameter circle,-107.5599976,48.02059937,2336, ,12,23,26, ,0
269,270,Cooke City,Park,75,114,58,Census Designated Place,-109.9339981,45.01959991,7579, ,75,142,85,3017350,1
270,271,Coram,Flathead,539,498,339,Census Designated Place,-114.0459976,48.41799927,3186, ,539,638,613,3017500,0
271,272,Corbin,Jefferson,40,27,40,"2-kilometer diameter circle, Part of a CDP",-112.0619965,46.38050079,4770,Part of the Jefferson City CDP (3039400),276,104,351, ,0
272,273,Corwin Springs,Park,109,126,57,Census Designated Place,-110.7890015,45.11190033,5144, ,109,486,648,3017800,1
273,274,Crackerville,Deer Lodge,33,35,24,2-kilometer diameter circle,-112.8050003,46.0646019,5039, ,78,95,47, ,0
274,275,Craig,Lewis And Clark,43,53,45,Census Designated Place,-111.9629974,47.07440186,3461, ,43,75,57,3018025,0
275,276,Crane,Richland,102,83,102,Census Designated Place,-104.2570038,47.57730103,1946, ,102,149,196,3018100,1
276,277,Creston,Flathead,208,129,98,2-mile diameter circle,-114.137001,48.18939972,2956, ,454,326,367, ,0
277,278,Cushman,Golden Valley,8,13,13,2-mile diameter circle,-109.0429993,46.28829956,3550, ,18,23,27, ,0
278,279,Cyr,Mineral,26,21,12,2-mile diameter circle,-114.5800018,47.00889969,2969, ,154,120,98, ,1
279,280,Dagmar,Sheridan,16,11,21,2-mile diameter circle,-104.197998,48.58340073,2034, ,36,51,76, ,0
280,281,Danvers,Fergus,9,15,8,2-mile diameter circle,-109.7170029,47.22529984,3560, ,14,24,52, ,0
281,282,Dayton,Lake,84,86,60,Census Designated Place,-114.2789993,47.86579895,2910, ,84,169,157,3019525,0
282,283,De Borgia,Mineral,78,69,28,Census Designated Place,-115.3460007,47.37580109,3054, ,78,196,250,3019675,0
283,284,Dean,Stillwater,18,29,2,2-mile diameter circle,-109.6900024,45.40470123,5230, ,27,68,121, ,0
284,285,Decker,Big Horn,1,3,0,2-mile diameter circle,-106.862999,45.01190186,3517, ,2,7,18, ,0
285,286,Deerfield Colony,Fergus,23,25,30,2-mile diameter circle,-109.677002,47.25970078,3445, ,56,56,88, ,0
286,287,Dell,Beaverhead,27,37,21,2-mile diameter circle,-112.697998,44.72330093,6010, ,73,96,134, ,1
287,288,Delphia,Musselshell,4,6,8,2-mile diameter circle,-108.2190018,46.50469971,3054, ,27,37,145, ,0
288,289,Devon,Toole,2,3,1,2-mile diameter circle,-111.4789963,48.46670151,3110, ,39,43,43, ,0
289,290,Dewey,Beaverhead,18,19,5,2-mile diameter circle,-112.8550034,45.77709961,5489, ,55,75,133, ,0
290,291,Divide,Silver Bow,36,46,21,2-mile diameter circle,-112.7470016,45.75099945,5390, ,61,125,120, ,0
291,292,Dunkirk,Toole,13,11,2,2-mile diameter circle,-111.6640015,48.47800064,3304, ,40,28,30, ,0
292,293,Dunmore,Big Horn,107,104,79,2-mile diameter circle,-107.5049973,45.67860031,2963, ,229,376,317, ,0
293,294,Dupuyer,Pondera,86,63,53,Census Designated Place,-112.4990005,48.19250107,4127, ,86,208,194,3022450,0
294,295,DY Junction,Phillips,1,0,9,2-mile diameter circle,-108.6340027,47.79560089,3219, ,4,0,30, ,0
295,296,Eagleton,Chouteau,2,2,2,2-mile diameter circle,-109.7819977,47.94499969,3304, ,37,48,47, ,0
296,297,East Missoula,Missoula,2157,2043,1688,Census Designated Place,-113.9449997,46.87080002,3264, ,2157,2073,2196,3023200,0
297,298,Eddy,Sanders,38,24,13,2-mile diameter circle,-115.1330032,47.55830002,2421, ,110,130,282, ,0
298,299,Eden,Cascade,4,5,4,2-mile diameter circle,-111.2720032,47.27000046,3881, ,110,135,73, ,0
299,300,Edgar,Carbon,114,100,76,Census Designated Place,-108.8519974,45.46469879,3465, ,114,168,126,3023500,0
300,301,Elkhorn,Jefferson,10,7,4,Census Designated Place,-111.9459991,46.27460098,6447, ,10,81,89,3023865,0
301,302,Elliston,Powell,219,214,83,Census Designated Place,-112.4309998,46.56219864,5056, ,219,349,247,3023950,0
302,303,Elmo,Lake,180,140,99,Census Designated Place,-114.3499985,47.83050156,2913, ,180,159,231,3024100,0
303,304,Elso,Musselshell,7,5,5,2-mile diameter circle,-108.677002,46.34859848,3268, ,139,188,246, ,0
304,305,Elton,Park,5,2,4,2-mile diameter circle,-110.3079987,45.69580078,4285, ,24,30,84, ,0
305,306,Emigrant,Park,488,282,221,Census Designated Place,-110.7350006,45.36899948,4888, ,488,818,958,3024325,1
306,307,Enid,Richland,1,1,4,2-mile diameter circle,-104.7799988,47.6955986,2411, ,20,18,67, ,0
307,308,Epsie,Powder River,2,2,2,2-mile diameter circle,-105.651001,45.49169922,3363, ,43,25,97, ,0
308,309,Essex,Flathead,33,34,2,2-mile diameter circle,-113.612999,48.27799988,3868, ,45,83,54, ,0
309,310,Ethridge,Toole,17,17,2,2-mile diameter circle,-112.1210022,48.55780029,3543, ,56,45,53, ,0
310,311,Evaro,Missoula,731,708,486,Manually defined region,-114.0889969,47.03509903,3983,Includes the Evaro CDP (3025000),756,1206,945, ,1
311,312,Evergreen,Flathead,7616,6881,6306,Census Designated Place,-114.276001,48.22579956,2923, ,7616,8010,7230,3025075,0
312,313,Fallon,Prairie,164,138,151,Census Designated Place,-105.1190033,46.83560181,2208, ,164,171,217,3025375,0
313,314,Ferdig,Toole,2,3,3,2-mile diameter circle,-111.7750015,48.75419998,3520, ,17,34,35, ,0
314,315,Fergus,Fergus,3,3,5,2-mile diameter circle,-109.0670013,47.33380127,3760, ,68,96,75, ,1
315,316,Ferndale,Lake,421,475,351,"2-mile diameter circle, Part of a CDP",-114.0070038,48.05160141,3071,Partly in the Bigfork CDP (3005875),1173,1135,1065, ,0
316,317,Finch,Rosebud,8,9,13,2-mile diameter circle,-106.9759979,46.28359985,2582, ,38,74,92, ,0
317,318,Fishtail,Stillwater,75,75,44,2-mile diameter circle,-109.5039978,45.45360184,4465, ,114,150,178, ,0
318,319,Fishtrap,Deer Lodge,6,1,2,2-mile diameter circle,-113.2289963,45.87210083,5879, ,19,9,220, ,0
319,320,Flatwillow,Petroleum,7,0,1,2-mile diameter circle,-108.401001,46.83470154,3205, ,22,14,149, ,1
320,321,Floweree,Chouteau,15,12,11,2-mile diameter circle,-111.0270004,47.72969818,3225, ,49,40,35, ,0
321,322,Forest Park,Dawson,1948,1973,2262,Census Designated Place with Alternate Name,-104.7580032,47.10469818,2110,Same as West Glendive CDP,1948,2280,2398,3079086,0
322,323,Forestgrove,Fergus,5,4,6,2-mile diameter circle,-109.0800018,46.99140167,4072, ,36,46,63, ,0
323,324,Fort Kipp,Roosevelt,180,178,51,2-mile diameter circle,-104.7160034,48.14670181,1942, ,234,227,212, ,0
324,325,Fort Shaw,Cascade,280,271,233,Census Designated Place,-111.8099976,47.50550079,3504, ,280,529,466,3028600,0
325,326,Fort Smith,Big Horn,161,158,95,Census Designated Place,-107.9319992,45.31110001,3287, ,161,316,248,3028650,1
326,327,Fortine,Lincoln,325,227,193,Census Designated Place,-114.9029999,48.76440048,2969, ,325,431,460,3028150,0
327,328,Four Buttes,Daniels,9,11,14,2-mile diameter circle,-105.6060028,48.80970001,2484, ,23,37,65, ,0
328,329,Galen,Deer Lodge,48,39,210,2-mile diameter circle,-112.776001,46.23550034,4760, ,123,90,242, ,0
329,330,Garland,Custer,4,1,1,2-mile diameter circle,-105.9309998,46.0483017,2582, ,84,28,65, ,0
330,331,Garneill,Fergus,12,11,4,2-mile diameter circle,-109.7509995,46.75149918,4436, ,36,89,161, ,1
331,332,Garrison,Powell,96,112,46,Census Designated Place,-112.8059998,46.5245018,4364, ,96,148,251,3030175,1
332,333,Garryowen,Big Horn,15,43,15,2-mile diameter circle,-107.4199982,45.52659988,3120, ,153,176,218, ,0
333,334,Georgetown,Deer Lodge,35,19,12,2-mile diameter circle,-113.2460022,46.19940186,6516, ,81,73,44, ,0
334,335,Giffen,Cascade,12,39,10,2-mile diameter circle,-111.1869965,47.31380081,3855, ,142,345,123, ,0
335,336,Girard,Richland,4,5,3,2-mile diameter circle,-104.4219971,47.86780167,2434, ,34,38,29, ,0
336,337,Glen,Beaverhead,30,41,20,2-mile diameter circle,-112.6910019,45.47660065,4990, ,58,67,67, ,0
337,338,Glentana,Valley,7,7,5,2-mile diameter circle,-106.2490005,48.84809875,3084, ,30,50,41, ,0
338,339,Goldstone,Hill,0,0,0,2-mile diameter circle,-110.5319977,48.89970016,3031, ,0,0,0, ,0
339,340,Grannis,Park,99,90,55,2-mile diameter circle,-110.4960022,45.75659943,4485, ,262,265,193, ,0
340,341,Grant,Beaverhead,9,14,7,2-mile diameter circle,-113.0670013,45.00849915,5814, ,41,52,108, ,0
341,342,Grantsdale,Ravalli,1053,996,772,2-mile diameter circle,-114.1419983,46.20349884,3675, ,2039,2020,1515, ,0
342,343,Greenfield,Teton,46,41,47,2-mile diameter circle,-111.8590012,47.63999939,3937, ,94,103,115, ,0
343,344,Greenough,Missoula,0,5,5,2-mile diameter circle,-113.4369965,46.91659927,3783, ,3,21,45, ,0
344,345,Gregson Hot Springs,Silver Bow,36,34,6,2-kilometer diameter circle,-112.8099976,46.04299927,5128, ,92,131,123, ,0
345,346,Greycliff,Sweet Grass,112,85,8,Census Designated Place,-109.7850037,45.76330185,3937, ,112,146,102,3033250,0
346,347,Halfmoon,Flathead,693,562,459,2-mile diameter circle,-114.2399979,48.38769913,3068, ,1230,1193,979, ,0
347,348,Hall,Granite,59,41,31,2-mile diameter circle,-113.1969986,46.58520126,4206, ,181,126,248, ,0
348,349,Hammond,Carter,1,1,2,2-mile diameter circle,-104.9160004,45.22520065,3717, ,33,45,103, ,1
349,350,Happys Inn,Lincoln,164,103,14,Census Designated Place,-115.1399994,48.08330154,3396, ,164,112,125,3034110,0
350,351,Hardy,Cascade,52,42,41,2-mile diameter circle,-111.8190002,47.18320084,3465, ,249,323,328, ,1
351,352,Hathaway,Rosebud,7,10,5,2-mile diameter circle,-106.1930008,46.27769852,2441, ,94,111,230, ,1
352,353,Haugan,Mineral,19,16,5,2-mile diameter circle,-115.3960037,47.38579941,3150, ,110,146,152, ,1
353,354,Haxby,Garfield,0,0,1,2-mile diameter circle,-106.427002,47.77000046,2402, ,34,25,39, ,0
354,355,Heath,Fergus,23,15,13,2-mile diameter circle,-109.2669983,46.99580002,4409, ,262,617,106, ,0
355,356,Helmville,Powell,26,19,26,2-mile diameter circle,-112.9609985,46.86660004,4304, ,70,72,94, ,0
356,357,Hilger,Fergus,26,37,6,2-mile diameter circle,-109.3600006,47.25389862,4075, ,187,214,116, ,0
357,358,Hill,Liberty,1,2,2,2-mile diameter circle,-111.1490021,48.78279877,3960, ,26,39,57, ,1
358,359,Hillside Colony,Toole,148,13,16,2-mile diameter circle,-112.0680008,48.97919846,3596, ,166,164,142, ,0
359,360,Hodges,Dawson,0,0,1,2-mile diameter circle,-104.3909988,46.98400116,2487, ,17,15,55, ,1
360,361,Hogeland,Blaine,16,18,19,2-mile diameter circle,-108.6579971,48.85490036,3136, ,33,27,24, ,1
361,362,Homestead,Sheridan,19,24,31,2-mile diameter circle,-104.5390015,48.42110062,1982, ,41,51,51, ,0
362,363,Horton,Custer,3,2,3,2-mile diameter circle,-106.0619965,46.34140015,2402, ,19,15,28, ,0
363,364,Hungry Horse,Flathead,826,909,640,Census Designated Place,-114.060997,48.38579941,3100, ,826,953,652,3038125,0
364,365,Huntley,Yellowstone,446,424,308,Census Designated Place,-108.3099976,45.89649963,3018, ,446,544,399,3038200,1
365,366,Huson,Missoula,210,147,60,Census Designated Place,-114.3270035,47.03129959,3009, ,210,492,386,3038275,0
366,367,Iliad,Chouteau,0,1,2,2-mile diameter circle,-109.7860031,47.79859924,2943, ,27,66,22, ,0
367,368,Ingomar,Rosebud,6,9,18,2-mile diameter circle,-107.375,46.57720184,3028, ,23,29,86, ,1
368,369,Intake,Dawson,10,10,9,2-mile diameter circle,-104.5220032,47.29389954,2008, ,90,95,44, ,0
369,370,Inverness,Hill,55,101,96,Census Designated Place,-110.6900024,48.5564003,3314, ,55,105,102,3038725,1
370,371,Jackson,Beaverhead,19,34,16,2-mile diameter circle,-113.4089966,45.36800003,6473, ,75,84,81, ,0
371,372,Jardine,Park,57,36,34,Census Designated Place,-110.6340027,45.06990051,6453, ,57,70,64,3039175,0
372,373,Jeffers,Madison,30,39,47,2-kilometer diameter circle,-111.7060013,45.34880066,4928, ,38,56,88, ,0
373,374,Jefferson City,Jefferson,128,125,56,"2-mile diameter circle, Part of a CDP",-112.0279999,46.38830185,4567,Part of the Jefferson City CDP (3039400),385,487,345, ,0
374,375,Jefferson Island,Madison,24,22,1,Manually defined region,-111.9410019,45.85079956,4278, ,36,38,118, ,0
375,376,Jennings,Lincoln,24,39,60,2-mile diameter circle,-115.3450012,48.3655014,2110, ,98,227,874, ,0
376,377,Kenilworth,Chouteau,1,4,2,2-mile diameter circle,-110.4400024,48.17549896,2917, ,6,30,2, ,0
377,378,Kila,Flathead,392,307,237,Census Designated Place,-114.4570007,48.12020111,3192, ,392,450,410,3040675,0
378,379,Kingley,Big Horn,34,36,25,2-mile diameter circle,-107.6019974,45.89860153,2831, ,96,100,237, ,0
379,380,Kinsey,Custer,23,20,34,2-mile diameter circle,-105.6569977,46.57080078,2310, ,163,181,192, ,0
380,381,Kiowa,Glacier,9,19,5,2-mile diameter circle,-113.2710037,48.54769897,5075, ,27,48,19, ,0
381,382,Kirby,Big Horn,3,5,17,2-mile diameter circle,-106.9820023,45.33250046,3871, ,11,17,38, ,0
382,383,Klein,Musselshell,168,188,136,Census Designated Place,-108.5490036,46.40409851,3281, ,168,207,213,3041050,0
383,384,Knowlton,Custer,1,3,1,2-mile diameter circle,-105.0879974,46.34360123,3127, ,15,42,43, ,0
384,385,Kolin,Judith Basin,5,10,4,2-mile diameter circle,-109.7730026,47.10660172,3944, ,26,37,74, ,0
385,386,Kremlin,Hill,98,125,110,Census Designated Place,-110.086998,48.56969833,2861, ,98,131,113,3041725,0
386,387,Lake McDonald,Flathead,2,1,0,2-mile diameter circle,-113.8720016,48.62080002,3228, ,4,34,7, ,0
387,388,Lakeside,Flathead,2669,1983,1128,Census Designated Place,-114.2249985,48.01940155,2910, ,2669,2076,1281,3041950,0
388,389,Lakeside,Lewis And Clark,164,171,56,2-mile diameter circle,-111.8349991,46.6780014,3681, ,323,473,227, ,0
389,390,Lakeview,Beaverhead,4,0,0,2-mile diameter circle,-111.810997,44.59939957,6706, ,8,5,13, ,0
390,391,Landusky,Phillips,4,2,12,2-mile diameter circle,-108.6220016,47.89780045,3993, ,21,16,184, ,0
391,392,Larslan,Valley,3,4,9,2-mile diameter circle,-106.2170029,48.57789993,2923, ,8,10,16, ,1
392,393,Laurin,Madison,29,36,23,Manually defined region,-112.1179962,45.35269928,5066, ,49,46,256, ,0
393,394,Ledger,Pondera,4,4,5,2-mile diameter circle,-111.822998,48.26029968,3261, ,37,38,42, ,0
394,395,Leroy,Blaine,0,0,0,2-mile diameter circle,-109.3190002,47.87419891,3520, ,8,18,20, ,0
395,396,Limestone,Stillwater,6,3,4,2-mile diameter circle,-109.9020004,45.47769928,5522, ,23,22,31, ,0
396,397,Lindsay,Dawson,18,11,10,2-mile diameter circle,-105.1529999,47.22190094,2684, ,63,39,80, ,1
397,398,Lloyd,Blaine,4,0,1,2-mile diameter circle,-109.3619995,48.29029846,3881, ,42,28,82, ,0
398,399,Locate,Custer,2,3,4,2-mile diameter circle,-105.3079987,46.43030167,2467, ,30,39,68, ,0
399,400,Lodge Pole,Blaine,265,214,146,Census Designated Place,-108.5329971,48.03469849,3406, ,265,251,459,3044350,0
400,401,Logan,Gallatin,99,100,73,Census Designated Place,-111.427002,45.88439941,4117, ,99,111,95,3044500,0
401,402,Lohman,Blaine,13,28,23,2-mile diameter circle,-109.4049988,48.58969879,2444, ,51,71,72, ,0
402,403,Lolo Hot Springs,Missoula,4,10,0,2-mile diameter circle,-114.5309982,46.72769928,4131, ,12,11,11, ,0
403,404,Loma,Chouteau,85,91,50,Census Designated Place,-110.5039978,47.93690109,2575, ,85,105,126,3044800,0
404,405,Lombard,Broadwater,0,3,2,2-mile diameter circle,-111.3990021,46.10739899,3993, ,5,46,155, ,0
405,406,Lonepine,Sanders,162,137,86,Census Designated Place,-114.637001,47.70299911,2861, ,162,205,236,3044950,0
406,407,Loring,Phillips,2,7,2,2-mile diameter circle,-107.8619995,48.78990173,2694, ,58,68,75, ,1
407,408,Lost Trail Camp,Ravalli,7,4,3,2-mile diameter circle,-113.9430008,45.75189972,5190, ,26,58,119, ,0
408,409,Lothair,Liberty,8,13,15,2-mile diameter circle,-111.2320023,48.47169876,3320, ,15,26,51, ,0
409,410,Lozeau,Mineral,80,36,18,2-mile diameter circle,-114.7799988,47.11740112,2818, ,154,120,133, ,0
410,411,Lustre,Valley,19,11,5,2-mile diameter circle,-105.9349976,48.40719986,2851, ,67,36,52, ,1
411,412,Luther,Carbon,55,41,33,2-mile diameter circle,-109.4290009,45.28440094,5187, ,104,146,91, ,0
412,413,Maddux,Blaine,1,0,1,2-mile diameter circle,-109.4179993,48.14049911,4488, ,9,2,37, ,0
413,414,Madoc,Daniels,15,19,13,2-mile diameter circle,-105.2860031,48.81090164,2779, ,38,35,39, ,0
414,415,Maiden,Fergus,9,7,5,2-mile diameter circle,-109.2300034,47.17779922,4833, ,278,286,78, ,0
415,416,Manchester,Cascade,155,171,269,"2-mile diameter circle, Part of a CDP",-111.461998,47.54079819,3353,Partly in the Sun Prairie CDP (3072380),482,489,968, ,0
416,417,Martin City,Flathead,500,379,364,Census Designated Place,-114.0370026,48.39099884,3215, ,500,584,694,3048100,1
417,418,Martinsdale,Meagher,64,55,18,Census Designated Place,-110.3130035,46.45830154,4820, ,64,72,90,3048175,0
418,419,Marysville,Lewis And Clark,80,75,10,Census Designated Place,-112.3000031,46.75049973,5413, ,80,90,355,3048250,0
419,420,Maudlow,Gallatin,0,1,1,2-mile diameter circle,-111.1729965,46.10770035,4409, ,6,10,18, ,0
420,421,Maxville,Granite,130,51,23,Census Designated Place,-113.2340012,46.46459961,4843, ,130,142,204,3048625,0
421,422,McAllister,Madison,112,85,23,2-mile diameter circle,-111.7320023,45.44440079,4908, ,252,200,288, ,0
422,423,McLeod,Sweet Grass,15,20,14,2-mile diameter circle,-110.1159973,45.66270065,4803, ,56,105,112, ,0
423,424,McCabe,Roosevelt,8,19,21,2-mile diameter circle,-104.375,48.24560165,2224, ,19,35,48, ,1
424,425,McCloud,Prairie,0,0,1,2-mile diameter circle,-105.5999985,46.9007988,2677, ,39,26,59, ,0
425,426,Melrose,Silver Bow,91,108,83,2-mile diameter circle,-112.6839981,45.63190079,5184, ,125,155,212, ,0
426,427,Melville,Sweet Grass,6,21,8,2-mile diameter circle,-109.9509964,46.10329819,5023, ,11,41,64, ,1
427,428,Menard,Gallatin,1,1,5,2-mile diameter circle,-111.1780014,45.97480011,4721, ,10,15,20, ,1
428,429,Midway,Richland,37,38,33,2-mile diameter circle,-104.3199997,47.51499939,1998, ,78,72,119, ,0
429,430,Mildred,Prairie,1,1,3,2-mile diameter circle,-104.9599991,46.67580032,2372, ,46,87,102, ,0
430,431,Milford Colony,Lewis And Clark,13,125,3,2-mile diameter circle,-112.2099991,47.32970047,4222, ,147,130,103, ,0
431,432,Mill Iron,Carter,1,4,3,2-mile diameter circle,-104.2170029,45.85329819,3094, ,17,25,95, ,1
432,433,Milltown,Missoula,150,170,149,Manually defined region,-113.8820038,46.87129974,3287,Part of the Bonner-West Riverside CDP (3008462),173,255,239, ,0
433,434,Miner,Park,24,26,32,2-mile diameter circle,-110.9089966,45.19910049,5049, ,96,218,529, ,0
434,435,Mizpah,Custer,1,1,0,2-mile diameter circle,-105.2669983,46.24470139,2503, ,34,40,42, ,0
435,436,Moccasin,Judith Basin,39,36,41,2-mile diameter circle,-109.9100037,47.05329895,4180, ,73,42,75, ,0
436,437,Moiese,Lake,25,33,18,2-mile diameter circle,-114.2639999,47.37229919,2575, ,43,150,50, ,1
437,438,Molt,Stillwater,8,11,3,2-mile diameter circle,-108.9280014,45.86130142,3957, ,37,48,45, ,0
438,439,Monarch,Cascade,22,25,7,2-mile diameter circle,-110.836998,47.09820175,4573, ,112,147,63, ,1
439,440,Monida,Beaverhead,0,0,1,2-mile diameter circle,-112.314003,44.56190109,6788, ,4,13,20, ,0
440,441,Montague,Chouteau,3,2,4,2-mile diameter circle,-110.4540024,47.67910004,3159, ,31,47,36, ,0
441,442,Montaqua,Carbon,74,71,72,2-mile diameter circle,-108.901001,45.50910187,3563, ,258,244,198, ,0
442,443,Moorhead,Powder River,1,2,1,2-mile diameter circle,-105.8710022,45.06620026,3350, ,32,28,35, ,1
443,444,Morgan,Phillips,0,0,1,2-mile diameter circle,-107.8320007,48.99919891,2835, ,5,4,26, ,1
444,445,Mosby,Garfield,1,2,1,2-mile diameter circle,-107.8840027,46.99219894,2513, ,23,39,115, ,0
445,446,Musselshell,Musselshell,60,60,128,Census Designated Place,-108.0910034,46.51860046,2995, ,60,70,201,3052600,0
446,447,Myers,Treasure,5,12,5,2-mile diameter circle,-107.3420029,46.25099945,2677, ,84,123,126, ,1
447,448,Nelson,Lewis And Clark,2,0,5,2-mile diameter circle,-111.8089981,46.81689835,3986, ,10,10,8, ,0
448,449,Nevada City,Madison,9,6,4,2-mile diameter circle,-111.9680023,45.30690002,5597, ,37,49,129, ,0
449,450,New Rockport Colony,Teton,62,46,12,2-mile diameter circle,-112.0240021,47.86360168,3724, ,153,114,96, ,0
450,451,Niarada,Flathead,27,36,48,Census Designated Place,-114.6050034,47.81409836,2881, ,27,71,129,3053725,0
451,452,Nissler,Silver Bow,45,47,49,2-kilometer diameter circle,-112.637001,46.00699997,5361, ,93,197,213, ,1
452,453,Nohly,Richland,3,7,5,2-mile diameter circle,-104.0920029,47.99560165,1900, ,31,69,43, ,0
453,454,Norris,Madison,27,13,22,2-mile diameter circle,-111.6910019,45.57049942,4833, ,48,38,136, ,1
454,455,Nyack,Flathead,8,7,6,2-mile diameter circle,-113.8099976,48.4396019,3356, ,11,41,57, ,1
455,456,Nye,Stillwater,54,86,41,2-mile diameter circle,-109.8089981,45.4355011,4852, ,139,183,204, ,0
456,457,Oilmont,Toole,16,15,24,2-mile diameter circle,-111.8410034,48.74000168,3497, ,39,46,50, ,0
457,458,Olive,Powder River,2,4,2,2-mile diameter circle,-105.5279999,45.55059814,3232, ,26,51,65, ,0
458,459,Ollie,Fallon,1,3,2,2-mile diameter circle,-104.0810013,46.58359909,3104, ,16,30,109, ,1
459,460,Olney,Flathead,191,137,59,Census Designated Place,-114.5780029,48.54859924,3169, ,191,177,218,3055450,0
460,461,Opportunity,Deer Lodge,541,577,682,2-mile diameter circle,-112.8280029,46.10710144,4977, ,565,633,710, ,0
461,462,Orchard Homes,Missoula,5197,4935,4679,Census Designated Place,-114.0479965,46.86330032,3153, ,5197,6364,6323,3055675,0
462,463,Oswego,Valley,59,38,59,2-mile diameter circle,-105.8809967,48.05860138,2028, ,79,52,83, ,0
463,464,Otter,Powder River,1,6,1,2-mile diameter circle,-106.2020035,45.20780182,3484, ,7,10,39, ,0
464,465,Ovando,Powell,81,70,76,Census Designated Place,-113.1309967,47.01940155,4101, ,81,100,128,3056125,1
465,466,Paradise,Sanders,163,171,154,Census Designated Place,-114.802002,47.38940048,2500, ,163,219,247,3056425,0
466,467,Pendroy,Teton,22,25,27,2-mile diameter circle,-112.2990036,48.07360077,4275, ,37,40,53, ,0
467,468,Perma,Sanders,7,4,1,2-mile diameter circle,-114.5849991,47.36380005,2510, ,45,36,35, ,0
468,469,Pine Creek,Park,94,90,54,2-mile diameter circle,-110.564003,45.50740051,4869, ,223,218,369, ,0
469,470,Pipestone,Jefferson,18,13,19,2-mile diameter circle,-112.2200012,45.90520096,4685, ,138,119,246, ,0
470,471,Pleasant Prairie,Daniels,2,5,5,2-mile diameter circle,-105.0820007,48.59220123,2503, ,12,28,30, ,0
471,472,Polaris,Beaverhead,3,3,2,2-mile diameter circle,-113.1190033,45.36959839,6355, ,54,18,63, ,0
472,473,Polebridge,Flathead,13,8,8,2-mile diameter circle,-114.2850037,48.76530075,3524, ,32,23,36, ,0
473,474,Pompeys Pillar,Yellowstone,70,71,38,2-mile diameter circle,-107.9520035,45.99140167,2871, ,139,118,114, ,0
474,475,Pony,Madison,118,142,2,Census Designated Place,-111.8939972,45.65850067,5522, ,118,195,197,3058900,0
475,476,Portage,Cascade,6,18,4,2-mile diameter circle,-111.125,47.65269852,3386, ,10,29,102, ,0
476,477,Porters Corner,Granite,23,25,14,2-mile diameter circle,-113.3320007,46.25189972,5404, ,46,60,156, ,0
477,478,Potomac,Missoula,53,44,28,2-mile diameter circle,-113.5800018,46.88159943,3619, ,478,543,311, ,0
478,479,Powderville,Powder River,1,0,1,2-mile diameter circle,-105.1149979,45.75889969,2828, ,11,0,11, ,0
479,480,Primrose,Missoula,276,293,211,2-mile diameter circle,-114.1669998,46.92710114,3074, ,646,701,532, ,0
480,481,Proctor,Lake,50,50,30,2-mile diameter circle,-114.3050003,47.89239883,3166, ,122,116,82, ,0
481,482,Quietus,Big Horn,0,0,0,2-mile diameter circle,-106.2829971,45.09640121,4072, ,6,7,9, ,0
482,483,Quigley,Granite,39,43,34,2-mile diameter circle,-113.6480026,46.61209869,3862, ,144,174,149, ,0
483,484,Quinns,Sanders,6,12,7,2-mile diameter circle,-114.802002,47.32460022,2484, ,107,103,195, ,1
484,485,Racetrack,Powell,70,80,61,2-mile diameter circle,-112.7490005,46.27880096,4692,Shown as Dempsey in previous version,133,167,129, ,0
485,486,Radersburg,Broadwater,66,66,22,Census Designated Place,-111.6320038,46.19580078,4321, ,66,70,63,3060475,0
486,487,Ramsay,Silver Bow,151,151,97,2-mile diameter circle,-112.685997,46.00579834,5335, ,213,331,133, ,0
487,488,Ravalli,Lake,76,118,79,Census Designated Place,-114.1790009,47.27500153,2713, ,76,137,95,3061075,1
488,489,Raymond,Sheridan,14,15,11,2-mile diameter circle,-104.5800018,48.87639999,2290, ,38,52,66, ,0
489,490,Raynesford,Judith Basin,43,60,41,2-mile diameter circle,-110.7300034,47.27000046,4039, ,80,109,151, ,0
490,491,Redstone,Sheridan,12,21,41,2-mile diameter circle,-104.9440002,48.82170105,2110, ,41,61,75, ,0
491,492,Renova,Jefferson,85,62,70,2-mile diameter circle,-112.1279984,45.81549835,4370, ,176,162,278, ,0
492,493,Reserve,Sheridan,23,37,26,Census Designated Place,-104.4599991,48.60559845,1959, ,23,49,58,3062125,0
493,494,Rhodes,Flathead,164,140,87,2-mile diameter circle,-114.473999,48.27909851,3264, ,501,390,256, ,0
494,495,Richland,Valley,11,10,16,2-mile diameter circle,-106.0510025,48.82089996,2700, ,51,62,70, ,0
495,496,Ridge,Carter,4,3,3,2-mile diameter circle,-105.0199966,45.0469017,3970, ,25,42,81, ,0
496,497,Ridgeway,Carter,5,4,1,2-mile diameter circle,-104.5100021,45.47520065,3310, ,16,19,23, ,1
497,498,Rimini,Lewis And Clark,45,46,21,2-mile diameter circle,-112.2470016,46.48799896,5299, ,299,313,249, ,0
498,499,Ringling,Meagher,16,15,19,2-mile diameter circle,-110.8069992,46.27159882,5299, ,31,30,51, ,0
499,500,Robere,Pondera,24,28,17,2-mile diameter circle,-112.552002,48.32550049,3924, ,42,45,54, ,0
500,501,Rock Springs,Rosebud,1,1,1,2-mile diameter circle,-106.2470016,46.81689835,2946, ,10,16,21, ,0
501,502,Rocker,Silver Bow,98,118,84,2-kilometer diameter circle,-112.6060028,46.00329971,5413, ,179,295,285, ,0
502,503,Rockvale,Carbon,85,93,102,2-mile diameter circle,-108.8619995,45.5223999,3478, ,235,262,301, ,0
503,504,Rocky Boy's Agency,Hill,228,227,193,"2-mile diameter circle, Part of a CDP",-109.788002,48.2560997,3701,Spelled as Rocky Boy in previous version.  Touches 4 CDPs,858,726,525, ,0
504,505,Rollins,Lake,209,178,110,Census Designated Place,-114.197998,47.90610123,2946, ,209,223,158,3064075,0
505,506,Roosville,Lincoln,55,18,5,2-mile diameter circle,-115.0569992,48.99909973,2694, ,219,331,96, ,0
506,507,Roscoe,Carbon,15,10,3,Census Designated Place,-109.4970016,45.34970093,5003, ,15,44,69,3064300,0
507,508,Ross Fork,Fergus,5,3,8,2-mile diameter circle,-109.6930008,47.07720184,3799, ,15,13,97, ,0
508,509,Rothiemay,Golden Valley,2,0,1,2-mile diameter circle,-109.262001,46.54660034,4396, ,6,2,23, ,0
509,510,Saint Johns,Hill,1,1,5,2-mile diameter circle,-110.0070038,48.79919815,2822, ,5,3,18, ,0
510,511,Saint Mary,Glacier,36,27,39,2-mile diameter circle,-113.4300003,48.7439003,4554, ,107,84,107, ,0
511,512,Saint Phillip,Wibaux,7,6,6,2-mile diameter circle,-104.1439972,46.83089828,2884, ,16,14,13, ,1
512,513,Saint Xavier,Big Horn,83,66,64,Census Designated Place,-107.7220001,45.46110153,3077, ,83,170,111,3065650,0
513,514,Salmon Prairie,Lake,45,41,31,2-mile diameter circle,-113.7850037,47.62990189,3458, ,86,82,73, ,0
514,515,Saltese,Mineral,15,23,4,2-mile diameter circle,-115.5100021,47.41019821,3366, ,62,149,173, ,0
515,516,Sand Springs,Garfield,1,2,1,2-mile diameter circle,-107.4860001,47.10079956,3192, ,26,11,78, ,0
516,517,Sanders,Treasure,12,16,11,2-mile diameter circle,-107.0970001,46.29140091,2602, ,86,117,84, ,0
517,518,Santa Rita,Glacier,113,86,107,Census Designated Place,-112.3199997,48.70050049,3809, ,113,127,136,3066250,0
518,519,Sapphire Village,Judith Basin,25,29,12,2-mile diameter circle,-110.2509995,46.88909912,4915, ,57,54,70, ,0
519,520,Sappington,Gallatin,1,7,7,2-mile diameter circle,-111.7679977,45.79489899,4193, ,18,24,34, ,0
520,521,Savoy,Blaine,5,2,4,2-mile diameter circle,-108.5439987,48.4742012,2333, ,37,45,32, ,0
521,522,Schilling,Missoula,111,113,37,2-mile diameter circle,-114.2020035,46.96409988,3061, ,483,427,279, ,0
522,523,Sedan,Gallatin,99,67,61,Census Designated Place,-110.848999,45.95970154,5538, ,99,125,408,3067075,1
523,524,Shawmut,Wheatland,42,63,10,Census Designated Place,-109.5250015,46.34489822,3858, ,42,78,104,3067225,1
524,525,Sheffield,Custer,3,1,10,2-mile diameter circle,-106.1389999,46.33280182,2411, ,143,142,169, ,0
525,526,Shields,Park,16,22,24,2-mile diameter circle,-110.6409988,45.95690155,4967, ,44,58,75, ,0
526,527,Shonkin,Chouteau,2,2,3,2-mile diameter circle,-110.572998,47.62889862,3179, ,22,20,52, ,0
527,528,Sieben,Lewis And Clark,10,10,1,2-mile diameter circle,-112.1269989,46.89849854,3881, ,19,21,21, ,0
528,529,Silesia,Carbon,96,56,51,Census Designated Place,-108.8410034,45.55659866,3396, ,96,268,224,3068050,0
529,530,Silver City,Lewis And Clark,37,39,21,2-mile diameter circle,-112.1699982,46.75550079,4341, ,142,478,145, ,0
530,531,Silver Gate,Park,20,26,15,Census Designated Place,-109.9899979,45.00690079,7392, ,20,48,35,3068425,0
531,532,Silver Star,Madison,35,40,15,2-mile diameter circle,-112.2829971,45.69020081,4570, ,127,98,147, ,0
532,533,Simpson,Hill,1,2,0,2-mile diameter circle,-110.2060013,48.92860031,2782, ,27,23,14, ,0
533,534,Sixteen,Meagher,0,1,1,2-mile diameter circle,-110.9980011,46.21519852,4987, ,4,4,18, ,0
534,535,Slab Crossing,Roosevelt,2,3,4,2-mile diameter circle,-104.697998,48.28779984,1916, ,9,18,56, ,0
535,536,Sonnette,Powder River,2,2,1,2-mile diameter circle,-105.8310013,45.4131012,3766, ,19,9,40, ,0
536,537,Springdale,Park,42,27,13,Census Designated Place,-110.2249985,45.73740005,4236, ,42,32,40,3070150,1
537,538,Springdale Colony,Meagher,21,26,3,2-mile diameter circle,-111.0159988,46.4618988,5253, ,160,132,120, ,0
538,539,Square Butte,Chouteau,10,12,17,2-mile diameter circle,-110.1999969,47.51599884,3143, ,62,78,54, ,1
539,540,Stacey,Powder River,1,5,1,2-mile diameter circle,-105.8909988,45.72000122,3327, ,11,11,51, ,0
540,541,Stark,Missoula,4,10,17,2-mile diameter circle,-114.5049973,47.12549973,3314, ,65,75,62, ,0
541,542,Stipek,Dawson,23,9,15,2-mile diameter circle,-104.6650009,47.21220016,2044, ,130,154,212, ,0
542,543,Stockett,Cascade,169,119,134,Census Designated Place,-111.1650009,47.35660172,3602, ,169,234,352,3071350,0
543,544,Stryker,Lincoln,26,25,23,Census Designated Place,-114.7699966,48.67409897,3297, ,26,40,60,3071575,0
544,545,Suffolk,Fergus,6,8,16,2-mile diameter circle,-109.3570023,47.46910095,3386, ,130,184,78, ,1
545,546,Sula,Ravalli,37,30,15,Census Designated Place,-113.9820023,45.83660126,4429, ,37,136,206,3071800,0
546,547,Sumatra,Rosebud,0,1,3,2-mile diameter circle,-107.5510025,46.61729813,3196, ,20,26,88, ,1
547,548,Summit,Glacier,0,1,0,2-mile diameter circle,-113.3529968,48.31940079,5223, ,3,55,70, ,0
548,549,Sun Prairie,Phillips,0,0,1,2-mile diameter circle,-107.7460022,47.84550095,2372, ,11,19,43, ,0
549,550,Sweet Grass,Toole,58,80,112,Census Designated Place,-111.9629974,48.99649811,3520,Spelled as Sweetgrass in previous version,58,106,204,3073075,1
550,551,Sylvanite,Lincoln,103,71,18,Census Designated Place,-115.8740005,48.71630096,2717, ,103,117,133,3073165,0
551,552,Talc,Sanders,67,53,31,2-mile diameter circle,-115.4319992,47.71369934,2385, ,149,186,140, ,1
552,553,Tampico,Valley,5,8,6,2-mile diameter circle,-106.8270035,48.30469894,2156, ,68,99,117, ,0
553,554,Tarkio,Mineral,11,14,4,2-mile diameter circle,-114.7389984,47.02130127,2933, ,86,84,76, ,0
554,555,Teigen,Petroleum,7,3,0,2-mile diameter circle,-108.5950012,47.03910065,3199, ,53,41,18, ,1
555,556,Thoeny,Valley,0,0,0,2-mile diameter circle,-106.9179993,48.8769989,2480,Spelled as Thoeny in previous version,6,3,27, ,0
556,557,Thurlow,Rosebud,9,14,5,2-mile diameter circle,-106.3059998,46.28779984,2461, ,143,182,196, ,0
557,558,Toston,Broadwater,108,108,32,Census Designated Place,-111.4410019,46.17269897,3917, ,108,153,180,3074500,0
558,559,Tracy,Cascade,171,202,190,Manually defined region,-111.1539993,47.4129982,3435, ,388,488,490, ,0
559,560,Trailcreek,Flathead,5,6,2,2-mile diameter circle,-114.4069977,48.91910172,3914, ,21,31,24, ,0
560,561,Trego,Lincoln,541,393,231,Census Designated Place,-114.8690033,48.7052002,3120, ,541,539,528,3074725,0
561,562,Trident,Gallatin,11,5,2,"2-mile diameter circle, Part of a CDP",-111.4769974,45.94739914,4039,Partly in the Wheatland CDP (3079695),55,16,147, ,0
562,563,Trout Creek,Sanders,242,261,216,Census Designated Place,-115.5979996,47.8368988,2375, ,242,318,245,3074950,0
563,564,Turah,Missoula,306,166,29,Census Designated Place,-113.8239975,46.83589935,3323, ,306,652,917,3075175,1
564,565,Twodot,Wheatland,28,42,26,2-mile diameter circle,-110.072998,46.42440033,4439, ,155,157,217, ,0
565,566,Unionville,Lewis And Clark,139,184,156,2-mile diameter circle,-112.0849991,46.54130173,4915, ,331,370,281, ,0
566,567,Utica,Judith Basin,27,24,18,2-mile diameter circle,-110.0920029,46.96829987,4475, ,51,54,110, ,0
567,568,Valentine,Fergus,0,1,0,2-mile diameter circle,-108.4219971,47.31420135,2867, ,20,64,15, ,1
568,569,Valleytown,Phillips,1,1,1,2-mile diameter circle,-107.2460022,48.68450165,2274, ,14,28,100, ,1
569,570,Vananda,Rosebud,1,1,1,2-mile diameter circle,-107.0019989,46.39189911,2713, ,106,171,47, ,0
570,571,Vandalia,Valley,6,6,4,2-mile diameter circle,-106.9100037,48.35469818,2126, ,21,23,121, ,0
571,572,Vendome,Jefferson,14,12,8,2-mile diameter circle,-112.2429962,45.81769943,4839, ,129,140,40, ,0
572,573,Vida,McCone,18,20,10,2-mile diameter circle,-105.4929962,47.83369827,2395, ,47,70,61, ,1
573,574,Virgelle,Chouteau,11,2,1,2-mile diameter circle,-110.25,48.01530075,2579, ,47,34,50, ,0
574,575,Volborg,Custer,1,2,1,2-mile diameter circle,-105.6809998,45.84280014,2986, ,24,20,29, ,0
575,576,Volt,Roosevelt,2,2,1,2-mile diameter circle,-105.7180023,48.38909912,2743, ,27,28,31, ,1
576,577,Wagner,Phillips,18,15,19,2-mile diameter circle,-108.0780029,48.37060165,2293, ,124,136,153, ,0
577,578,Warren,Carbon,0,0,0,2-mile diameter circle,-108.6579971,45.06000137,4419, ,2,2,19, ,0
578,579,Warrick,Chouteau,0,2,1,2-mile diameter circle,-109.6060028,48.07170105,3934, ,11,25,63, ,0
579,580,Washoe,Carbon,3,3,9,2-mile diameter circle,-109.2129974,45.16379929,4993, ,12,19,32, ,0
580,581,Waterloo,Madison,76,48,29,2-mile diameter circle,-112.1920013,45.72190094,4465, ,125,110,124, ,0
581,582,Webster,Fallon,1,1,1,2-mile diameter circle,-104.2470016,46.05500031,3320, ,18,25,54, ,0
582,583,Weeksville,Sanders,83,58,19,Census Designated Place,-114.9940033,47.52299881,2448, ,83,211,222,3078775,0
583,584,Weldon,McCone,1,1,1,2-mile diameter circle,-105.8980026,47.61560059,2497, ,43,65,51, ,1
584,585,West Fork,Daniels,0,1,2,2-mile diameter circle,-105.9120026,48.68700027,2841, ,5,19,28, ,0
585,586,West Riverside,Missoula,1375,1253,1258,Manually defined region,-113.8850021,46.87850189,3291,Part of the Bonner-West Riverside CDP (3008462),1478,1346,1351, ,1
586,587,West Valley,Deer Lodge,621,685,753,2-mile diameter circle,-113.0230026,46.15190125,5499, ,1149,1441,1748, ,0
587,588,Wetzel,Glacier,12,10,0,2-mile diameter circle,-113.1650009,48.75329971,4760, ,20,34,28, ,0
588,589,White Haven,Lincoln,577,576,582,Census Designated Place,-115.5169983,48.34500122,2238, ,577,1436,1172,3079935,0
589,590,Whitetail,Daniels,14,14,38,2-mile diameter circle,-105.1620026,48.89640045,2500, ,25,46,57, ,1
590,591,Whitlash,Liberty,8,9,13,2-mile diameter circle,-111.2529984,48.90829849,3940, ,27,43,172, ,0
591,592,Wickes,Jefferson,32,22,10,"2-mile diameter circle, Part of a CDP",-112.1029968,46.34970093,5197,Partly in the Jefferson City CDP (3039400),95,103,72, ,0
592,593,Willard,Fallon,9,3,2,2-mile diameter circle,-104.3649979,46.19409943,3327, ,20,14,81, ,1
593,594,Windham,Judith Basin,23,30,45,2-mile diameter circle,-110.1399994,47.07860184,4265, ,76,75,99, ,0
594,595,Winston,Broadwater,147,76,50,Census Designated Place,-111.6589966,46.47660065,4357, ,147,181,229,3081175,0
595,596,Wisdom,Beaverhead,98,112,134,Census Designated Place,-113.4499969,45.61660004,6053, ,98,131,179,3081250,1
596,597,Wise River,Beaverhead,46,49,24,2-mile diameter circle,-112.9489975,45.79130173,5659, ,91,102,189, ,0
597,598,Wolf Creek,Lewis And Clark,32,38,18,2-mile diameter circle,-112.0690002,47.0060997,3563, ,127,152,119, ,0
598,599,Woods Bay,Lake,661,731,536,Census Designated Place,-114.0500031,48.00159836,2913, ,661,847,679,3081700,0
599,600,Woods Crossing,Chouteau,2,2,2,2-mile diameter circle,-111.2679977,47.87919998,3091, ,25,21,24, ,1
600,601,Woodside,Ravalli,270,304,175,2-mile diameter circle,-114.1549988,46.31330109,3488, ,653,727,660, ,0
601,602,Woodworth,Powell,15,22,7,2-mile diameter circle,-113.3030014,47.10630035,4239, ,40,50,17, ,0
602,603,Yaak,Lincoln,248,168,109,Census Designated Place,-115.7089996,48.83300018,2982, ,248,172,212,3082130,0
603,604,York,Lewis And Clark,83,79,40,2-mile diameter circle,-111.7519989,46.72159958,3967, ,164,255,152, ,0
604,605,Zortman,Phillips,69,38,15,Census Designated Place,-108.526001,47.9178009,4032, ,69,72,216,3082675,0
605,606,Zurich,Blaine,39,23,11,2-mile diameter circle,-109.0299988,48.58440018,2385, ,115,140,133, ,0
606,607,Saint Marie,Valley,264,183,65,Census Designated Place,-106.5500031,48.40480042,2756,Shown as Glasgow AFB in previous version,264,287,78,3065400,0
607,608,Malmstrom AFB,Cascade,3472,4499,5915,Census Designated Place,-111.2009964,47.50899887,3478, ,3472,4574,5977,3047275,0
608,609,Four Corners,Gallatin,3146,1827,1497,Census Designated Place,-111.1849976,45.67110062,4715, ,3146,1965,1779,3028862,0
609,610,Tyler,Fergus,1,1,1,2-mile diameter circle,-108.8730011,46.8302002,4150, ,59,138,120, ,0
610,611,Columbia Heights,Flathead,453,504,324,2-mile diameter circle,-114.1460037,48.3655014,3100, ,1013,1045,694, ,0
611,612,Birney,Rosebud,14,20,10,2-mile diameter circle,-106.5149994,45.32170105,3123, ,26,42,78, ,0
612,613,Goldcreek,Powell,21,12,7,2-mile diameter circle,-112.9280014,46.58430099,4193,Spelled as Gold Creek in previous version,118,69,183, ,0
613,614,Ashland,Rosebud,824,865,858,Census Designated Place,-106.2710037,45.5943985,2920, ,824,949,1038,3002800,1
614,615,Baker,Fallon,1741,1693,1815,Incorporated Place,-104.2750015,46.36790085,2972, ,1741,1819,1948,3003475,1
615,616,Brockton,Roosevelt,255,245,365,Incorporated Place,-104.9179993,48.14979935,1975, ,255,255,365,3010000,1
616,617,Dutton,Teton,316,386,390,Incorporated Place,-111.7170029,47.84820175,3717, ,316,428,433,3022600,1
617,618,Froid,Roosevelt,185,194,194,Incorporated Place,-104.4929962,48.33560181,2034, ,185,218,235,3029500,1
618,619,Grass Range,Fergus,110,141,155,Incorporated Place,-108.8040009,47.02550125,3481,Spelled as Grassrange in previous version,110,185,185,3032575,0
619,620,Havre,Hill,9310,9515,10191,Incorporated Place,-109.6790009,48.54919815,2493, ,9310,10087,10951,3035050,0
620,621,Richey,Dawson,177,185,256,Incorporated Place,-105.0709991,47.64379883,2497, ,177,213,277,3062275,0
621,622,Reed Point,Stillwater,193,183,114,Census Designated Place,-109.5419998,45.70849991,3753, ,193,193,120,3061900,1
622,623,Highwood,Chouteau,176,186,80,Census Designated Place,-110.7959976,47.5848999,3425, ,176,356,276,3036250,0
623,624,Fort Harrison,Lewis and Clark,96,124,190,"2-mile diameter circle, Part of a CDP",-112.1060028,46.6216011,4006,Part of the Helena West Side and Helena Valley West Central CDPs,344,380,415, ,0
624,626,Starr School,Glacier,252,242,249,Census Designated Place,-113.1399994,48.58950043,4682,New town from previous version,252,323,348,3070825,0
625,625,Lockwood,Yellowstone,6797,5698,4937,Census Designated Place,-108.4140015,45.81259918,3143,New town from previous version,6797,7430,5703,3044200,0
626,627,Pioneer Junction,Lincoln,959,917,937,Census Designated Place,-115.5189972,48.33610153,2277,New town from previous version,959,1726,1619,3057950,0
627,628,Piltzville,Missoula,395,65,22,Census Designated Place,-113.862999,46.86130142,3294,New town from previous version,395,537,821,3057475,0
628,629,Carlton,Missoula,694,444,458,Census Designated Place,-114.0790024,46.67580032,3225,New town from previous version,694,1242,926,3012435,0
